,ProductModelName,ProductCategory,ProductPrice,RetailerName,RetailerZip,RetailerCity,RetailerState,ProductOnSale,ManufacturerName,ManufacturerRebate,UserID,UserAge,UserGender,UserOccupation,ReviewRating,ReviewDate,ReviewText,sentiment,problem,about,keywords
0,Galaxy S4,Smart Phone,402.0,Frys,30134.0,Atlanta,GA,No,Samsung,No,ttltk97,26.0,Male,Secretary,5.0,7/9/2014, really like this Samsung Galaxy 4. i don't use a  computer any more,positive,No issue,TV,"TV, great, superb picture quality"
1,Samsung TV 65 Curved,TV,1899.0,Bestbuy,60585.0,Naperville,IL,Yes,Samsung,Yes,xzwef40,51.0,Male,Unknown,4.0,12/5/2014,The TV is great with superb picture quality.,positive,No issue,product,"easy to carry, tablet, laptop"
2,Surface 3,Tablet,999.0,Walmart,94158.0,San Francisco,CA,No,Microsoft,No,fpxjy72,41.0,Female,Programmer,5.0,6/21/2014,Its easy to carry and is more than a tablet its a laptop!,positive,No issue,laptop,"Great laptop, price, everyday computing"
3,HP PAVALION  15.6,Laptop,299.0,Frys,44114.0,Cleveland,OH,Yes,HP,No,vvndr0,18.0,Female,Student,5.0,12/5/2014,Great laptop for the price. Does everything you need for everyday computing.,positive,No issue,tablet,"tablet, limited function, computer, compact size"
4,Surface 3,Tablet,969.0,Target,60585.0,Naperville,IL,No,Microsoft,No,gmcvd78,32.0,Male,Programmer,5.0,5/25/2014,I was expecting a tablet with limited function but I got a computer in the compact size of a tablet.,negative,CPU overheating,CPU,"CPU, overheats, dies, hours, use"
5,Samsung TV 60 LED,TV,1100.0,Target,94102.0,San Francisco,CA,Yes,Samsung,No,ujvip28,59.0,Male,Student,4.0,2/15/2015,CPU overheats and dies after few hours of use,negative,Bluetooth not working,laptop,"laptop, bluetooth, ""didnt work"", ""dont like"""
6,HP PAVALION  15.6,Laptop,298.0,Walmart,94158.0,San Francisco,CA,Yes,HP,Yes,cylis38,19.0,Female,Manager,2.0,6/18/2014,I don't like this lap top the bluetooth didn't work at all,positive,No issue,computer,"Great computer, price, Excellent, Very fast"
7,HP PAVALION  15.6,Laptop,319.0,Walmart,94158.0,San Francisco,CA,No,HP,No,qhueg90,45.0,Male,Secretary,4.0,5/15/2013, Great computer for the price. Excellent! Very fast,positive,No issue,technology,"Amazing, technology"
8,Surface 3,Tablet,999.0,hhgregg,90012.0,Los Angeles,CA,No,Microsoft,No,flkpo51,50.0,Female,Unknown,4.0,6/25/2014,Amazing piece of technology.,positive,No issue,phone,"phone, mother, android, text, happy"
9,Galaxy S4,Smart Phone,390.0,Frys,44114.0,Cleveland,OH,Yes,Samsung,No,gxqfp48,57.0,Female,Programmer,4.0,12/1/2014,I bought this phone for my mother. It was a tough for her to get a handle on working android but with my nieces help she can finally text. She seems very happy with it.,neutral,Windows 8.1,Surface Pro 3,"Surface Pro 3, Windows 8.1"
10,Surface 3,Tablet,999.0,Frys,60603.0,Chicago,IL,No,Microsoft,No,gkmgb76,41.0,Male,Accountant,4.0,5/12/2014,I like the Surface Pro 3 but not sure I like Windows 8.1.,negative,Overheating,product,"Stay away, overheats, hours, turns off"
11,iPhone 6,Smart Phone,589.0,Frys,60616.0,Chicago,IL,No,Apple,No,vtpzh47,23.0,Male,Secretary,5.0,2/1/2013, I like everything...camera,positive,No issue,camera,"like, everything, camera"
12,HP PAVALION  15.6,Laptop,299.0,Bestbuy,33129.0,Miami,FL,Yes,HP,No,gcazr42,56.0,Female,Accountant,1.0,2/1/2013,Stay away from this product. It overheats after few hours and then turns off,negative,Difficult to use,product,Difficult to use
13,Dell Ispiron 15.6,Laptop,499.0,hhgregg,60616.0,Chicago,IL,No,Dell,No,wydci21,43.0,Male,Programmer,1.0,2/2/2013, Difficult to use,negative,keyboard issue,keyboard,"keyboard, difficult to use"
14,Dell Ispiron 15.6,Laptop,449.0,Target,60603.0,Chicago,IL,Yes,Dell,No,rhgpc68,23.0,Male,secretary,1.0,12/27/2014, I did not like the keyboard at all - it was difficult to use,positive,No issue,notebook,"HP, top notch, product, notebook"
15,Samsung Tab 4,Tablet,349.0,Bestbuy,94102.0,San Francisco,CA,No,Samsung,No,shfbx14,45.0,Male,Student,5.0,7/23/2014, I could not be happier with my purchase,positive,No issue,purchase,"happy, purchase"
16,HP PAVALION  15.6,Laptop,299.0,Target,94102.0,San Francisco,CA,Yes,HP,No,mzibo91,43.0,Female,Accountant,5.0,10/8/2014,HP has really produced a top notch product with this notebook,positive,No issue,laptop/tablet,"Awesome, laptop, tablet, Works great, Quick, Light to carry"
17,HP PAVALION  15.6,Laptop,319.0,Bestbuy,33129.0,Miami,FL,No,HP,No,lxbuu49,43.0,Female,Student,4.0,3/24/2014,Awesome laptop/ tablet! Works great. Quick. Light to carry!,positive,No issue,looks,great
18,Samsung TV 60 LED,TV,1200.0,Walmart,44114.0,Cleveland,OH,No,Samsung,No,ppavp74,55.0,Male,Accountant,4.0,6/21/2014, It looks great,neutral,HDMI ports,HDMI ports,HDMI ports
19,LG 65,TV,999.0,Frys,60603.0,Chicago,IL,No,LG,No,rakyc94,43.0,Male,Student,2.0,11/29/2014,It does have 3 HDMI ports instead of two.,neutral,iPad broke,iPad,"replacement, 3rd gen ipad, broke"
20,iPad Air,Tablet,425.0,hhgregg,90012.0,Los Angeles,CA,Yes,Apple,No,mjuwo81,42.0,Female,Manager,3.0,12/5/2014,Bought this as a replacement to my 3rg gen ipad which broke.,positive,No issue,laptop,"Windows 8, laptop, great"
21,HP PAVALION  15.6,Laptop,299.0,Bestbuy,44114.0,Cleveland,OH,Yes,HP,No,vjnge6,36.0,Male,Unknown,5.0,9/13/2013,The Windows 8 was different at first altogether a great laptop,negative,Product malfunction,product,"shut down, replaced, 10 days"
22,Surface 3,Tablet,999.0,Bestbuy,94102.0,San Francisco,CA,No,Microsoft,No,qxntl70,39.0,Female,Unknown,3.0,8/18/2014,It completely shut down after about 10 days and had to be replaced. ,positive,No issue,Delivery and setup,"Free delivery, Free initial setup"
23,LG 65,TV,2250.0,Walmart,33129.0,Miami,FL,No,LG,No,gngvg53,52.0,Male,Programmer,5.0,8/1/2014,Free delivery. Free initial setup.,positive,No issue,ease of use,Easy to use
24,Galaxy S4,Smart Phone,390.0,Frys,94102.0,San Francisco,CA,Yes,Samsung,No,yfvna6,26.0,Male,Student,4.0,8/1/2014, Easy to use,positive,No issue,TV,"lovely, great picture, 4k"
25,Samsung TV 65 Curved,TV,2099.0,Bestbuy,60585.0,Naperville,IL,Yes,Samsung,No,skanc48,48.0,Male,Manager,4.0,6/25/2014,This is a lovely tv with a great picture even though I am not yet hooked up to 4k,negative,Windows 8 upgrade,Windows,"windows xp, windows 8, upgrade"
26,Dell Ispiron 15.6,Laptop,349.0,Frys,60585.0,Naperville,IL,Yes,Dell,No,kwtpk76,44.0,Male,Secretary,3.0,12/5/2014,Liked windows xp better than windows 8 wish I didn't have to upgrade,negative,"Jerky page transitions, overly sensitive screen",device usability,"jerky, page, overly sensitive, touch, register, frustrating"
27,Samsung Tab 4,Tablet,299.0,Bestbuy,94102.0,San Francisco,CA,Yes,Samsung,No,inrne72,51.0,Female,Accountant,4.0,9/17/2014,It is a bit jerky when moving from page to page and overly sensitive as I don't have to touch the screen for it to register a choice which can be frustrating.,negative,Noisy fan,fan,noisy fan
28,HP PAVALION  15.6,Laptop,319.0,hhgregg,33129.0,Miami,FL,No,HP,No,ewpag27,40.0,Female,Manager,2.0,12/5/2014,really noisy fan.,neutral,No issue,order,nothing
29,Surface 3,Tablet,999.0,Frys,90033.0,Los Angeles,CA,No,Microsoft,No,itucb65,41.0,Male,Unknown,4.0,9/17/2014,Our company has ordered several of these.,neutral,Product is too technical,product,"product, techno, consumer"
30,Samsung TV 65 Curved,TV,1900.0,Walmart,44114.0,Cleveland,OH,No,Samsung,No,cgttj20,31.0,Male,Programmer,4.0,10/28/2014,Everything about the product is good but I'm not a techno kind of consumer.,positive,No issue,living space,"wonderful, addition, living space"
31,LG 65,TV,849.0,Bestbuy,44114.0,Cleveland,OH,Yes,LG,Yes,oaksv27,53.0,Male,Programmer,5.0,8/21/2014,This is a wonderful addition to our living space. ,positive,No issue,gift,"easy, select, gift"
32,HP PAVALION  15.6,Laptop,298.0,hhgregg,44114.0,Cleveland,OH,Yes,HP,Yes,dwyvn17,20.0,Male,Unknown,5.0,8/10/2014,the experience was easy to select what I needed for a gift,positive,No issue,product performance,"great, super fast, lightweight, easy to transport"
33,HP PAVALION  15.6,Laptop,299.0,Target,2108.0,Boston,MA,Yes,HP,No,juiwu65,19.0,Male,Accountant,5.0,8/17/2014,Runs great and super fast! Lightweight and easy to transport!,positive,No issue,purchase,"good buy, mother, ipad"
34,Samsung Tab 4,Tablet,299.0,Walmart,60585.0,Naperville,IL,Yes,Samsung,No,uupfc54,47.0,Male,Accountant,2.0,6/25/2014,This was a good buy for my mother instead of buying an ipad,negative,Customer service,Samsung TV,"Samsung, TV, phone, English, shifting, torture, torment, hold"
35,Samsung TV 60 LED,TV,1200.0,Frys,33129.0,Miami,FL,No,Samsung,No,kikhs6,26.0,Male,Student,2.0,8/21/2014,O.K! We know Samsung are great TV's. But this afternoon I spent 3 1/2 hours on the phone with five people - all of whom could not speak English worth a darn. They kept shifting me back and forth and I honestly cannot believe I endured THREE AND ONE HALF HOURS of torture and torment! One hour was just on hold - REALLY!,positive,No issue,purchase,"purchase, everyday"
36,iPad Air,Tablet,425.0,hhgregg,2110.0,Boston,MA,Yes,Apple,No,wnvvy21,56.0,Female,Accountant,5.0,10/10/2013,So glad I finally made the purchase! I use it everyday!,positive,No issue,phone,"novice, smart phone, easy to navigate, picture quality, sound"
37,Galaxy S4,Smart Phone,399.0,Walmart,44114.0,Cleveland,OH,No,Samsung,No,ydzkv69,58.0,Male,Unknown,4.0,8/21/2014,As a novice smart phone user I've found that this phone has been fairly easy to navigate. I like the picture quality and sound.,positive,No issue,device,"helpful, device"
38,Surface 3,Tablet,999.0,hhgregg,94158.0,San Francisco,CA,No,Microsoft,No,btkvb38,41.0,Male,Unknown,5.0,2/15/2015, Very helpful device,negative,CPU overheating and dying,CPU,"CPU, overheats, dies, hours, use"
39,Galaxy S4,Smart Phone,399.0,Bestbuy,60616.0,Chicago,IL,No,Samsung,No,gywiq36,49.0,Male,Programmer,1.0,11/25/2014,CPU overheats and dies after few hours of use,positive,No issue,laptop,"works, better, old, Dell"
40,Dell Ispiron 15.6,Laptop,449.0,Walmart,60603.0,Chicago,IL,Yes,Dell,No,txzbv78,44.0,Male,Manager,4.0,12/5/2014, works a lot better than my old Dell,positive,No issue,computer,"Dell Computer, great, needs"
41,Dell Ispiron 15.6,Laptop,499.0,hhgregg,44114.0,Cleveland,OH,No,Dell,No,wtany75,25.0,Male,Manager,5.0,5/15/2013,Dell Computer is great It meets all my needs.,neutral,No issue,phone,"Galaxy 2, phone, difference"
42,Galaxy S4,Smart Phone,269.0,Walmart,33130.0,Miami,FL,Yes,Samsung,Yes,gsptp57,19.0,Female,Programmer,4.0,9/17/2014, Prior to this phone I had the Galaxy 2 and there isn't a lot of difference in the 2,neutral,No issue,phone,"first phone, flip phone"
43,Samsung TV 65 Curved,TV,1900.0,Frys,94102.0,San Francisco,CA,No,Samsung,No,xctkc37,35.0,Female,Programmer,4.0,9/17/2014,nice picture but wish it had a faster refresh rate.,neutral,refresh rate,picture quality,"picture, refresh rate, faster"
44,Galaxy S4,Smart Phone,269.0,Walmart,44114.0,Cleveland,OH,Yes,Samsung,Yes,bvngf49,22.0,Female,Manager,5.0,5/19/2014, my first phone since a flip phone,neutral,No issue,purchase,"LG, tv, Bestbuy, 2/21/15"
45,LG 65,TV,2250.0,Walmart,60585.0,Naperville,IL,No,LG,No,tvmhn6,26.0,Female,Programmer,4.0,7/10/2013, I bought this LG 65   tv from my local Bestbuy store on 2/21/15,neutral,No issue,iOS version,"iOS, iPhone 4"
46,iPhone 6,Smart Phone,960.0,hhgregg,44114.0,Cleveland,OH,No,Apple,No,ttdio14,30.0,Male,Programmer,4.0,12/5/2014, Since the last version of iOS I used was on the iPhone 4,positive,No issue,Samsung Galaxy Tab 4 8 tablet,"Samsung Galaxy Tab 4 8, versatile, email"
47,Samsung Tab 4,Tablet,299.0,Bestbuy,60616.0,Chicago,IL,Yes,Samsung,No,lgjiv47,43.0,Female,Accountant,5.0,12/27/2014, My Samsung Galaxy Tab 4 8   tablet is very versatile. I use it for my email,negative,Camera quality,camera,"Camera, horrible, grainy pictures"
48,Surface 3,Tablet,969.0,Walmart,94158.0,San Francisco,CA,No,Microsoft,No,vmivx52,48.0,Female,Student,3.0,4/1/2013,Camera was horrible takes very grainy pictures.,positive,No issue,product,"wife loves, easy to use, battery last longer"
49,Samsung Tab 4,Tablet,299.0,Frys,90033.0,Los Angeles,CA,Yes,Samsung,No,fdbie48,47.0,Male,Accountant,4.0,5/15/2013,My wife loves it. Easy to use and the battery last longer,positive,No issue,phone,"upgrade, iPhone 5, excellent phone"
50,iPhone 6,Smart Phone,589.0,Frys,60585.0,Naperville,IL,No,Apple,No,klyoc65,45.0,Male,Student,5.0,2/15/2015,This is a major upgrade from iPhone 5. Would not look back as this is an excellent phone!,positive,No issue,computer,"great experience, school, personal use, everything I need"
51,HP PAVALION  15.6,Laptop,299.0,Frys,60616.0,Chicago,IL,Yes,HP,No,gpimd15,52.0,Male,Unknown,4.0,5/15/2013,It has been great experience thus far. I use this computer for school and personal use and it does everything I need.,positive,No issue,product,"easy to operate, easy to read, great size, carry"
52,Samsung Tab 4,Tablet,349.0,Bestbuy,33129.0,Miami,FL,No,Samsung,No,knuso39,40.0,Male,Unknown,5.0,3/24/2014,Easy to operate and easy to read outside. Size is great to carry,negative,iPad not working properly,iPad,"iPad, stops working, delay, frustrating"
53,iPad Air,Tablet,425.0,Walmart,60585.0,Naperville,IL,Yes,Apple,No,vrlnj33,43.0,Male,Student,2.0,5/25/2014,Ipad just stops working. There is a delay where I have to wait til its ready to work. Very frustrating.,negative,Noisy fan,fan,"noisy, fan"
54,Dell Ispiron 15.6,Laptop,349.0,Target,44114.0,Cleveland,OH,Yes,Dell,No,krzor99,38.0,Male,Manager,1.0,5/26/2014,very noisy fan.,neutral,LED picture,TV,"TV, LED picture"
55,LG 65,TV,2250.0,Walmart,90012.0,Los Angeles,CA,No,LG,No,cxczg21,43.0,Male,Programmer,4.0,2/15/2014,Nice TV but hard to get used to the LED picture at first.,positive,No issue,product,"iPhone 6, recommend"
56,iPhone 6,Smart Phone,299.0,Target,60603.0,Chicago,IL,Yes,Apple,No,rqrxq44,48.0,Male,Accountant,5.0,7/19/2014, I would recommend the iPhone 6,positive,No issue,laptop,"laptop, best, cheapest price"
57,Dell Ispiron 15.6,Laptop,499.0,Frys,94158.0,San Francisco,CA,No,Dell,No,rpptr79,22.0,Male,Programmer,5.0,3/24/2014,This is my first laptop and It's the best. I got it for the cheapest price.,negative,Windows 8 is complex,computer,"computer, windows 8, complex"
58,HP PAVALION  15.6,Laptop,319.0,Target,2108.0,Boston,MA,No,HP,No,hqrgf79,47.0,Male,Student,4.0,6/18/2014,Its a nice computer but windows 8 is alittle more complex than I need or wanted.,positive,No issue,product,"unit, size, easy to hold, nice screen"
59,Samsung Tab 4,Tablet,349.0,hhgregg,60585.0,Naperville,IL,No,Samsung,No,oysel55,25.0,Female,Student,4.0,6/19/2014,This unit is just the right size easy to hold and nice screen.,positive,No issue,TV,"3D, 240hz, 1080p, 960 clear motion rate, Smart TV, smart remote"
60,Samsung TV 60 LED,TV,1100.0,Walmart,60603.0,Chicago,IL,Yes,Samsung,No,udjrc4,57.0,Male,Programmer,5.0,10/10/2013,3D..240hz..1080p..960 clear motion rate..Smart TV..and the smart remote is the best,negative,Halo on screen,TV,"TV, size, price, halo, exchanging, different brand"
61,LG 65,TV,2250.0,hhgregg,33129.0,Miami,FL,No,LG,No,bcteb90,58.0,Male,Unknown,2.0,9/20/2014, I really wanted to like this TV it's a great size and decent price but after exchanging it Twice because of the   halo   on screen we had to give in and get a different brand.  ,positive,No issue,iPad,"iPad, old, wearing, transfer, easy"
62,iPad Air,Tablet,499.0,Walmart,60585.0,Naperville,IL,No,Apple,No,aqqbz54,54.0,Female,Unknown,4.0,6/18/2014,My old iPad was wearing out. Transfer from my old to the new was easy.,positive,No issue,product and service,"light weight, Easy to use, Samsung Reps, good to help, free classes, Thank You Carol"
63,Samsung Tab 4,Tablet,299.0,Walmart,90012.0,Los Angeles,CA,Yes,Samsung,No,qtapw49,34.0,Male,Programmer,5.0,11/25/2014,It is light weight and Easy to use! The Samsung Reps. are so good to help and it is so nice to have them in you store. Cannot wait to attend there free classes Thank You Carol,negative,Screen movement,Screen,"screen, movement, time"
64,Samsung TV 60 LED,TV,1100.0,Bestbuy,94102.0,San Francisco,CA,Yes,Samsung,No,mjrwz43,55.0,Male,Programmer,4.0,9/24/2014,Took some time to get use to the movement on the screen,positive,No issue,phone,"great price, phone, features, great"
65,Galaxy S4,Smart Phone,390.0,Walmart,2109.0,Boston,MA,Yes,Samsung,No,vjihu30,43.0,Male,Student,5.0,2/1/2013,there was a great price on this phone when I bought it. the features are great,positive,No issue,phone,"great phone, camera, great, wonderful pictures, features"
66,Galaxy S4,Smart Phone,402.0,Frys,2108.0,Boston,MA,No,Samsung,No,ezwzk80,58.0,Male,Manager,5.0,6/26/2014,This is a great phone for any customer! The camera is great too. Takes wonderful pictures - and has many different features!,positive,No issue,TV,"like, flat screen, much"
67,Samsung TV 60 LED,TV,1100.0,Target,94102.0,San Francisco,CA,Yes,Samsung,No,tvcqx95,45.0,Male,Accountant,5.0,7/19/2014, We like it very much. We have not had a flat screen until this one,positive,No issue,TV,"Great price, features, LG"
68,LG 65,TV,849.0,Frys,44114.0,Cleveland,OH,Yes,LG,Yes,gafhm9,32.0,Female,Accountant,5.0,2/26/2014, Great price for the amount of features for this middle of the line 65   LG. ,negative,Mouse is shaky,mouse,"shaky, mouse"
69,Surface 3,Tablet,925.0,hhgregg,33129.0,Miami,FL,No,Microsoft,No,towlu32,18.0,Female,Programmer,1.0,6/18/2013,The mouse is very shaky. ,positive,No issue,portability,"portability, traveler"
70,Surface 3,Tablet,999.0,Target,60616.0,Chicago,IL,No,Microsoft,No,fjook35,59.0,Male,Manager,4.0,12/5/2014,Enjoy the portability as a traveler.,positive,No issue,Battery life,"Battery life, best"
71,Dell Ispiron 15.6,Laptop,499.0,Walmart,94158.0,San Francisco,CA,No,Dell,No,fyyul56,32.0,Female,Manager,5.0,4/19/2014,Battery life is the best.,positive,No issue,laptop,"Great laptop, recommend, not a lot of money"
72,HP PAVALION  15.6,Laptop,299.0,Walmart,33129.0,Miami,FL,Yes,HP,No,jeywt24,51.0,Female,Manager,3.0,9/20/2014,Great laptop for not a lot of money. Would recommend,positive,No issue,Product quality,"Easy to set up, good quality"
73,Samsung TV 60 LED,TV,1100.0,hhgregg,2110.0,Boston,MA,Yes,Samsung,No,hkqvg64,41.0,Male,Secretary,4.0,10/21/2014,Easy to set up and good quality.,positive,No issue,tablet,"tablet, perfect size, one or two hands"
74,Samsung Tab 4,Tablet,349.0,Walmart,44114.0,Cleveland,OH,No,Samsung,No,ruwkt23,50.0,Female,Accountant,4.0,12/20/2014,I purchased this tablet which is a perfect size to use with one or two hands.,neutral,No issue,TV,"TV, day, got"
75,Samsung TV 60 LED,TV,1100.0,Target,94158.0,San Francisco,CA,Yes,Samsung,No,rnkov18,44.0,Male,Accountant,4.0,8/1/2014, The day I got this TV,neutral,Exchange,TV,nothing
76,Samsung TV 60 LED,TV,1100.0,Walmart,2110.0,Boston,MA,Yes,Samsung,No,epxoq9,48.0,Male,Manager,3.0,6/18/2014, We took it back and exchanged it for a different TV,positive,No issue,picture quality,"love, picture quality"
77,LG 65,TV,999.0,Walmart,60603.0,Chicago,IL,No,LG,No,dgqrv79,42.0,Female,Unknown,4.0,5/23/2014, I love picture quality,positive,No issue,table,"best, table, ever"
78,Samsung Tab 4,Tablet,349.0,Bestbuy,60603.0,Chicago,IL,No,Samsung,No,txjvo9,55.0,Female,Secretary,5.0,8/18/2014, The best table ever,negative,CPU overheating,CPU,"CPU, overheats, dies, hours, use"
79,iPhone 6,Smart Phone,399.0,Target,33129.0,Miami,FL,No,Apple,No,hocwn35,25.0,Male,Student,1.0,8/10/2013,CPU overheats and dies after few hours of use,neutral,No issue,tablet,"tablet, daughter"
80,Samsung Tab 4,Tablet,349.0,Frys,33129.0,Miami,FL,No,Samsung,No,vsosb32,58.0,Male,Student,4.0,7/19/2014, I bought this tablet for my daughter,positive,Price,hardware,"price, high, great, top notch, hardware, light form factor, great machine"
81,Surface 3,Tablet,899.0,Walmart,94158.0,San Francisco,CA,Yes,Microsoft,No,rcvzp90,18.0,Female,Programmer,5.0,8/10/2013,I have to admit the price seems high but with all the great top notch hardware packed in this light form factor it truly is a great machine.,positive,No issue,phone,"good phone, no problems"
82,iPhone 6,Smart Phone,589.0,Target,94102.0,San Francisco,CA,No,Apple,No,tiojc57,45.0,Male,Unknown,4.0,6/18/2014,so far this has been a good phone and have had no problems,positive,No issue,speed,fast
83,Dell Ispiron 15.6,Laptop,349.0,Walmart,60616.0,Chicago,IL,Yes,Dell,No,xoofz16,25.0,Male,Unknown,5.0,10/21/2014, It is fast,neutral,No issue,Smart phone,smart phone
84,Galaxy S4,Smart Phone,390.0,hhgregg,60616.0,Chicago,IL,Yes,Samsung,No,dknjz25,19.0,Female,Programmer,4.0,10/28/2014, This is only my 3rd smart phone,positive,No issue,tablet,"tablet, laptop capabilities, surface pro 3, great"
85,Surface 3,Tablet,899.0,hhgregg,60616.0,Chicago,IL,Yes,Microsoft,No,cbfqj41,38.0,Male,Secretary,4.0,9/20/2014,If you are looking for a tablet with laptop capabilities the surface pro 3 is great! ,negative,product issue,tablet,"mistake, tablet, another brand"
86,iPad Air,Tablet,425.0,hhgregg,33129.0,Miami,FL,Yes,Apple,No,ovpxr72,40.0,Male,Unknown,5.0,8/1/2014, i made the mistake of buying another brand of tablet,positive,No issue,purchase,"like, item, purchased, good use"
87,Samsung Tab 4,Tablet,299.0,Bestbuy,33129.0,Miami,FL,Yes,Samsung,No,mldsl90,58.0,Male,Manager,4.0,8/21/2014,We like the item we purchased. We both make good use of the item.,neutral,No issue,laptop,"laptop, old"
88,Surface 3,Tablet,925.0,Frys,60616.0,Chicago,IL,No,Microsoft,No,qdxlj62,39.0,Male,Accountant,4.0,6/18/2014,I no longer need my old laptop.,positive,No issue,iPad,"iPad, saved, touchID, perfect size, Retina mini, 4th generation iPad"
89,iPad Air,Tablet,499.0,Walmart,94158.0,San Francisco,CA,No,Apple,No,kdimy84,27.0,Male,Programmer,5.0,2/15/2015,Very nice iPad. Saved $100 on this iPad because it is not the latest version with touchID. Perfect size iPad and I have had both the Retina mini and the larger 4th generation iPad.,positive,No issue,purchase,"great picture, excellent purchase, price"
90,LG 65,TV,999.0,Frys,44114.0,Cleveland,OH,No,LG,No,juwcl29,53.0,Male,Secretary,5.0,5/23/2014,This has a great picture and for the price it was an excellent purchase!,neutral,No issue,tablet,"affordable tablet, ebooks"
91,Samsung Tab 4,Tablet,299.0,Bestbuy,60603.0,Chicago,IL,Yes,Samsung,No,toshi98,47.0,Male,Unknown,4.0,4/19/2014, if you are in the market for an affordable tablet for ebooks,positive,No issue,PC,"happy, PC, adequate speed, needs"
92,HP PAVALION  15.6,Laptop,376.0,Bestbuy,90012.0,Los Angeles,CA,No,HP,No,gkgkl66,59.0,Female,Unknown,5.0,7/21/2014,I'm quite happy with the PC. It has adequate speed for my needs.,positive,No issue,keyboard and mousepad,"love, feel, keyboard, mouse pad, comfortable, personal, work from home, table"
93,Dell Ispiron 15.6,Laptop,349.0,Target,90033.0,Los Angeles,CA,Yes,Dell,No,ebeer51,25.0,Female,Accountant,5.0,11/29/2014, I love the feel of the keyboard and the mouse pad. I use it for personal and work from home needs - it is comfortable to use on a table,neutral,No issue,shopping,"TV, refrigerator, new house, moving"
94,Samsung TV 65 Curved,TV,1899.0,Bestbuy,90033.0,Los Angeles,CA,Yes,Samsung,Yes,cqzbn72,58.0,Female,Manager,4.0,12/14/2014,Bought new TV & refrigerator as moving into new house,neutral,Battery issue,gift,"gift, troublesome, battery, manufacturer, working"
95,Dell Ispiron 15.6,Laptop,449.0,hhgregg,90033.0,Los Angeles,CA,Yes,Dell,No,omsdk39,56.0,Male,Secretary,3.0,6/18/2014,I gave this as a gift. It has been a little troublesome with battery. But manufacturer is working with us.,positive,No issue,purchase,"purchase, best purchase, wish, advance"
96,iPad Air,Tablet,425.0,Walmart,94158.0,San Francisco,CA,Yes,Apple,No,rymjs43,30.0,Male,Unknown,5.0,8/18/2014,I wish i purchase it well in advance but it was one of my best purchase,negative,Missing features,TV,"TV, user-friendly, bells and whistles, assumed"
97,LG 65,TV,999.0,Bestbuy,44114.0,Cleveland,OH,No,LG,No,iqdjg14,23.0,Male,Student,3.0,3/24/2014,The TV is very user-friendly however it does not seem to have all of the bells and whistles that I assumed it would have. ,negative,Product not meeting expectations,product comparison,"expecting more, apple customer, Samsung"
98,Samsung Tab 4,Tablet,299.0,hhgregg,44114.0,Cleveland,OH,Yes,Samsung,No,lxtrj17,31.0,Male,Manager,3.0,10/10/2013, I was expecting more.... I guess because I've been an apple customer Samsung doesn't do it for me,positive,No issue,laptop,"love, laptop, lightweight, size, all I need"
99,HP PAVALION  15.6,Laptop,299.0,Bestbuy,60603.0,Chicago,IL,Yes,HP,No,umlpy85,23.0,Female,Unknown,4.0,5/12/2014,I love this laptop!!! It's a lightweight compared to its size. It can do all I need from a laptop!!,neutral,blurry picture,cable,"1080p, cable, blurry, 4K, industry, purchase"
100,Samsung TV 65 Curved,TV,1899.0,Frys,60603.0,Chicago,IL,Yes,Samsung,Yes,qzmia6,18.0,Female,Manager,4.0,5/15/2013,1080p cable is still pretty blurry with the 4K but I'm sure when it comes into the industry it will be worth the 4K purchase. ,positive,No issue,computer,"computer, laptop, son, great sound"
101,HP PAVALION  15.6,Laptop,319.0,Walmart,90033.0,Los Angeles,CA,No,HP,No,chpmv14,23.0,Male,Programmer,5.0,2/15/2015, This computer/lap top is exactly what my son needed. Great sound,positive,No issue,iphone,"iphone, storage, speed"
102,iPhone 6,Smart Phone,589.0,Bestbuy,60585.0,Naperville,IL,No,Apple,No,rokiq78,59.0,Female,Secretary,4.0,11/25/2014,All the pros of an iphone - great storage and speed.,positive,No issue,laptop,"laptop, great, replaced, Vista"
103,HP PAVALION  15.6,Laptop,298.0,Frys,94158.0,San Francisco,CA,Yes,HP,Yes,btxwk63,51.0,Female,Manager,5.0,7/16/2014, This laptop is great. The one I replaced was about 5 yrs old & had Vista,positive,No issue,picture,Great picture
104,Samsung TV 65 Curved,TV,1899.0,Frys,94158.0,San Francisco,CA,Yes,Samsung,Yes,uxwwe25,57.0,Male,Student,4.0,10/21/2014, Great picture,negative,CPU overheating,CPU,"CPU, overheats, dies, hours of use"
105,Dell Ispiron 15.6,Laptop,449.0,Walmart,94158.0,San Francisco,CA,Yes,Dell,No,ogzwl92,32.0,Male,Manager,5.0,8/21/2014,CPU overheats and dies after few hours of use,positive,No issue,shopping,"recommend, Bestbuy, great place"
106,Dell Ispiron 15.6,Laptop,449.0,hhgregg,90033.0,Los Angeles,CA,Yes,Dell,No,zadkz90,28.0,Male,Student,5.0,8/1/2014,would recommend to other people and let them know Bestbuy is great place,positive,No issue,tablet,"tablet, perfect size"
107,Samsung Tab 4,Tablet,349.0,hhgregg,90033.0,Los Angeles,CA,No,Samsung,No,bupol55,19.0,Female,Student,5.0,2/14/2014, This tablet is the perfect size,mixed,Smart TV issues,TV,"quality, refresh rate, Smart TV, limited, slow, Netflix, cable"
108,Samsung TV 60 LED,TV,1200.0,hhgregg,94158.0,San Francisco,CA,No,Samsung,No,xroxh27,50.0,Male,Secretary,3.0,6/10/2014,Good quality and refresh rate for the money. Smart tv options are limited and slow. TV sometimes won't let me watch Netflix. Regular cable is good to go.,positive,No issue,product,"Light weight, fast"
109,iPad Air,Tablet,425.0,Frys,33129.0,Miami,FL,Yes,Apple,No,lcbsb26,40.0,Male,Student,5.0,12/27/2014, Light weight and very fast,positive,No issue,PC,"Replaced, PC, XP, operating system, work, good"
110,HP PAVALION  15.6,Laptop,376.0,hhgregg,44114.0,Cleveland,OH,No,HP,No,dwlpc51,23.0,Male,Unknown,4.0,2/15/2015,Replaced older PC with XP. Little hard to get used to operating system since use another operating systemm at work but after a while it works good.,positive,No issue,HDTV,"Awesome, HDTV, price"
111,LG 65,TV,999.0,hhgregg,33129.0,Miami,FL,No,LG,No,pmmhg97,52.0,Male,Secretary,5.0,10/17/2014,Awesome HDTV for the price.,positive,No issue,iphone,"iPhone 6, iPhone, Great quality, design"
112,iPhone 6,Smart Phone,589.0,Target,60616.0,Chicago,IL,No,Apple,No,wwuxs27,41.0,Male,Unknown,5.0,10/21/2014,So happy I got my iPhone 6 this is probably y my 6th iPhone i just keep looking forward for new ones to come! Great quality and design,positive,No issue,laptop,"laptop, kids, like"
113,HP PAVALION  15.6,Laptop,298.0,Bestbuy,44114.0,Cleveland,OH,Yes,HP,Yes,rgtvx95,20.0,Male,Accountant,5.0,5/12/2014, I like the laptop and plus the kids,positive,No issue,smartphone,Great smartphone
114,Galaxy S4,Smart Phone,269.0,hhgregg,44114.0,Cleveland,OH,Yes,Samsung,Yes,aalab66,54.0,Male,Student,4.0,8/18/2014, Great smartphone,positive,No issue,product size,"Nice, love, big, hand"
115,Samsung Tab 4,Tablet,349.0,Target,90033.0,Los Angeles,CA,No,Samsung,No,cwqnt17,59.0,Male,Unknown,5.0,8/21/2014, Got it for my mother,neutral,No issue,gift,mother
116,iPhone 6,Smart Phone,399.0,Frys,60603.0,Chicago,IL,No,Apple,No,qzciq16,27.0,Female,Accountant,5.0,3/10/2015,Really Nice! It's not that much big for your hand. I love it!,positive,No issue,tablet,"great tablet, best apps, digital movie files"
117,Samsung Tab 4,Tablet,299.0,Walmart,60603.0,Chicago,IL,Yes,Samsung,No,xhcce9,26.0,Female,Accountant,5.0,5/15/2013,This is a great tablet. It has all the best apps and plays all my digital movie files,positive,No issue,tablet display,"tablet, crystal clear display"
118,Samsung Tab 4,Tablet,299.0,Bestbuy,94158.0,San Francisco,CA,Yes,Samsung,No,yzjtj87,46.0,Female,Accountant,3.0,9/17/2014, This tablet has a crystal clear display,negative,ipad case,ipad case,"ipad case, not so good"
119,iPad Air,Tablet,499.0,Target,94102.0,San Francisco,CA,No,Apple,No,ncgux50,24.0,Male,Unknown,5.0,8/10/2013, but the ipad case is not so good,positive,No issue,computer,"computer, son, school"
120,Dell Ispiron 15.6,Laptop,449.0,hhgregg,44114.0,Cleveland,OH,Yes,Dell,No,vlnlj69,29.0,Female,Secretary,5.0,12/27/2014, I purchased this computer for my son to use in school. No issues,positive,No issue,TV,"beautiful, TV"
121,Samsung TV 65 Curved,TV,1900.0,Target,33130.0,Miami,FL,No,Samsung,No,jcozt6,48.0,Male,Secretary,4.0,2/15/2015, The TV is absolutely beautiful,positive,Battery issue,phone,"Love, phone, battery issue, like, old iphone"
122,Samsung Tab 4,Tablet,349.0,Walmart,94102.0,San Francisco,CA,No,Samsung,No,pgxvk84,27.0,Male,Accountant,1.0,12/27/2014,CPU overheats and dies after few hours of use,negative,CPU Overheating,CPU,"CPU, overheats, dies, hours, use"
123,Galaxy S4,Smart Phone,269.0,Walmart,60603.0,Chicago,IL,Yes,Samsung,Yes,dhvcy50,43.0,Male,Secretary,4.0,6/25/2014,Love this phone even with the battery issue. I like it more than my old iphone.,negative,shadow on hockey games or anything with a light colored background,picture,"good picture, shadow, hockey games, light colored background, annoying"
124,LG 65,TV,999.0,Walmart,2110.0,Boston,MA,No,LG,No,vlhhp24,20.0,Male,Programmer,4.0,8/18/2014,It's a good picture but the shadow on hockey games or anything with a light colored background is annoying,positive,No issue,computer,"great deal, easy to set up, ready to go, short order"
125,HP PAVALION  15.6,Laptop,319.0,Walmart,94102.0,San Francisco,CA,No,HP,No,gqclh21,49.0,Male,Accountant,4.0,12/20/2014,We got a great deal on this computer. It was easy to set up and ready to go in short order.,positive,Storage space,tablet,"tablet, Galaxy 5S, 16 GB"
126,Samsung Tab 4,Tablet,299.0,hhgregg,94158.0,San Francisco,CA,Yes,Samsung,No,rhbnf62,33.0,Female,Programmer,3.0,2/15/2015,Love just about everything about this tablet. Obviously it sinks well with my Galaxy 5S phone. The only problem is it's 16 GB ,positive,No issue,product,"son, holidays, user friendly, family, android, Samsung Galaxy, works well"
127,Samsung Tab 4,Tablet,349.0,Frys,94158.0,San Francisco,CA,No,Samsung,No,llehs10,34.0,Female,Student,4.0,10/10/2013,I bought this for my son over the holidays and he loves it. It is very user friendly. My family loves android products. It works well with the Samsung Galaxy phone as well.,negative,Streaming issues,Streaming services,"HULU, Netflix, work, at all"
128,Samsung TV 60 LED,TV,1100.0,Target,33130.0,Miami,FL,Yes,Samsung,No,tekyy48,50.0,Male,Secretary,3.0,5/24/2014, It got to the point where HULU and Netflix wouldn't work at all,positive,No issue,phone,"easy, fast"
129,Galaxy S4,Smart Phone,399.0,Walmart,90012.0,Los Angeles,CA,No,Samsung,No,fwppr25,54.0,Male,Unknown,5.0,6/10/2014, Very easy phone to learn. It's fast,negative,Smart TV quality,Smart TV,"Smart TV, wish, better"
130,Samsung TV 60 LED,TV,1200.0,Walmart,60616.0,Chicago,IL,No,Samsung,No,hqqpv14,31.0,Male,Programmer,4.0,10/28/2014, I wish the smart TV in her face was a little better,positive,No issue,product,"flex, muscles"
131,Samsung TV 65 Curved,TV,1799.0,Walmart,94158.0,San Francisco,CA,Yes,Samsung,Yes,unoyo25,54.0,Female,Secretary,2.0,3/24/2014,Take it home and flex its muscles all you can.,positive,No issue,iPad,"Upgraded, iPad, first generation, Wow, Totally worth, upgrade, Super fast, plentiful space, apps"
132,iPad Air,Tablet,299.0,Frys,90033.0,Los Angeles,CA,Yes,Apple,Yes,fhilw17,53.0,Male,Accountant,5.0,5/24/2014,Upgraded from iPad first generation! Wow! Totally worth the upgrade! Super fast and plentiful space for apps!,positive,No issue,phone,"love, new phone, new features"
133,iPhone 6,Smart Phone,589.0,Walmart,94102.0,San Francisco,CA,No,Apple,No,ieeie71,18.0,Male,Accountant,4.0,5/15/2013,I love my new phone and all the new features it offers.,negative,Missing features,TV,"tv, bells and whistles"
134,LG 65,TV,849.0,Frys,44114.0,Cleveland,OH,Yes,LG,Yes,tzirt9,28.0,Male,Manager,2.0,8/10/2014, This tv doesn't have all the bells and whistles,negative,Product Issues,TV,"TV, bought, couple of weeks"
135,Samsung TV 65 Curved,TV,1900.0,hhgregg,2108.0,Boston,MA,No,Samsung,No,biruh34,51.0,Female,Unknown,5.0,4/19/2014, I originally bought the 55   TV and within a couple of weeks,positive,No issue,iPad,"iPad, colors, pictures, amazing, recommend"
136,iPad Air,Tablet,425.0,Target,60603.0,Chicago,IL,Yes,Apple,No,qmnpa83,38.0,Female,Manager,5.0,8/21/2014,I love my new iPad. The colors and pictures are amazing. Would recommend.,positive,No issue,meeting,"meeting, information, finger tips, great"
137,HP PAVALION  15.6,Laptop,319.0,Walmart,2110.0,Boston,MA,No,HP,No,mihlf49,57.0,Male,Manager,5.0,3/24/2014,When we head to our meeting we have all our information at our finger tips. It's great.,positive,No issue,laptop,"happy, laptop, recommend"
138,HP PAVALION  15.6,Laptop,298.0,Target,94158.0,San Francisco,CA,Yes,HP,Yes,dbcjy72,19.0,Male,Unknown,5.0,12/27/2014,I am very happy with my laptop. I would recommend it to anyone,positive,No issue,computer,"computer, touch screen, Windows 8"
139,HP PAVALION  15.6,Laptop,298.0,hhgregg,60616.0,Chicago,IL,Yes,HP,Yes,iczus44,41.0,Male,Student,5.0,12/1/2014,Buying a New computer is stressful. So far so good. I really like the touch screen and have gotten used to Windows 8.,negative,Screen issue,Tv,"Tv, sound, picture, screen, lighter, blotchy"
140,LG 65,TV,849.0,hhgregg,2108.0,Boston,MA,Yes,LG,Yes,ainqj56,19.0,Male,Student,3.0,8/10/2013,Tv has good sound and good picture except a couple of areas on the screen seem to stay lighter in color/blotchy. ,neutral,No issue,phone,Decent phone
141,Galaxy S4,Smart Phone,269.0,Walmart,2110.0,Boston,MA,Yes,Samsung,Yes,yryjw17,21.0,Male,Accountant,4.0,7/23/2014, Decent phone,negative,overheating,product performance,"overheated, stopped working"
142,Surface 3,Tablet,899.0,Frys,60616.0,Chicago,IL,Yes,Microsoft,No,lzcqf22,30.0,Female,Unknown,1.0,2/15/2014,overheated after 5 hours of use and stopped working,positive,No issue,product,"exactly what we needed, without logging into our computer"
143,iPad Air,Tablet,499.0,hhgregg,44114.0,Cleveland,OH,No,Apple,No,wzlqa14,57.0,Male,Programmer,4.0,4/19/2014,It was exactly what we needed without logging into our computer.,positive,No issue,laptop,"laptop, expected"
144,Dell Ispiron 15.6,Laptop,349.0,Bestbuy,60616.0,Chicago,IL,Yes,Dell,No,uwguw88,47.0,Male,Accountant,5.0,4/1/2015, This laptop is all I expected,negative,Lack of instructions,electronics,"complaint, electronics, handbooks, directions"
145,HP PAVALION  15.6,Laptop,376.0,Bestbuy,90012.0,Los Angeles,CA,No,HP,No,jzzmw97,37.0,Male,Programmer,5.0,12/27/2014,My only complaint is regarding electronics in general. There are no handbooks or any kind of directions.,positive,No issue,phone,"love, phone"
146,Galaxy S4,Smart Phone,399.0,Target,90012.0,Los Angeles,CA,No,Samsung,No,lbqks30,51.0,Male,Manager,5.0,8/18/2014, I absolutely love this phone,positive,No issue,iPhone,"iPhone 6, good, sleek"
147,iPhone 6,Smart Phone,299.0,Target,60585.0,Naperville,IL,Yes,Apple,No,ntbxv22,27.0,Female,Programmer,4.0,10/21/2014, The new iPhone 6 has been good to me so far. I love the sleek,negative,Not specified,unknown,not so great
148,Samsung TV 60 LED,TV,1200.0,hhgregg,94158.0,San Francisco,CA,No,Samsung,No,nozxz74,54.0,Male,Programmer,2.0,6/18/2014, What's not so great,positive,No issue,device,"easy to use, jam packed, bells and whistles"
149,iPad Air,Tablet,299.0,Bestbuy,2110.0,Boston,MA,Yes,Apple,Yes,qztsf98,44.0,Male,Manager,5.0,8/21/2014,The device is very easy to use yet comes jam packed with bells and whistles.,negative,Avoid,model,"avoid, model, highly suggest"
150,LG 65,TV,2250.0,Bestbuy,94102.0,San Francisco,CA,No,LG,No,mfkpq78,31.0,Male,Accountant,1.0,9/17/2014,Highly suggest you avoid this model,positive,No issue,tv,"Great tv, price, easy to set up, easy to use"
151,Samsung TV 60 LED,TV,1200.0,Target,60616.0,Chicago,IL,No,Samsung,No,zdzzu26,45.0,Male,Programmer,4.0,6/25/2014,Great tv for the price easy to set up and easy to use .,positive,Missing optical outputs,TV,"Nice TV, price, optical outputs, sound bar"
152,LG 65,TV,849.0,hhgregg,94158.0,San Francisco,CA,Yes,LG,Yes,ugbwo30,59.0,Male,Unknown,4.0,8/17/2014,Nice TV for the price. Wish it had optical outputs to connect my sound bar.,positive,No issue,tablet,"love, tablet, exactly, need"
153,Samsung Tab 4,Tablet,349.0,Walmart,90033.0,Los Angeles,CA,No,Samsung,No,chahv69,57.0,Male,Unknown,5.0,2/1/2013,Love everything about this tablet. Does exactly what I need it to do.,negative,Bluetooth compatibility issue,bluetooth headset,"bluetooth, headset, work, ""didnt"""
154,iPad Air,Tablet,425.0,Frys,60616.0,Chicago,IL,Yes,Apple,No,rhucg9,58.0,Female,Accountant,1.0,12/5/2014, it didn't work with my bluetooth headset,positive,No issue,laptop purchase,"laptop, school, speed, graphics, happy, purchase"
155,HP PAVALION  15.6,Laptop,298.0,Walmart,2110.0,Boston,MA,Yes,HP,Yes,mbrjl29,36.0,Male,Manager,3.0,12/14/2014,I needed a basic laptop for school. Speed is good. Graphics are good as well. Happy with my purchase.,positive,No issue,TV,"TV, great, price point"
156,LG 65,TV,849.0,Bestbuy,90012.0,Los Angeles,CA,Yes,LG,Yes,khacw32,38.0,Female,Secretary,4.0,3/24/2014,This Tv is great for the price point.,negative,misunderstanding of feature,3D glasses,"3D movies, Samsung 3D glasses, fun, disappointment, quad screen, multiple football games"
157,Samsung TV 60 LED,TV,1200.0,Walmart,2108.0,Boston,MA,No,Samsung,No,aonwq8,47.0,Female,Secretary,4.0,8/18/2014, Watching 3D movies with the Samsung 3D glasses is fun. My only disappointment is with my understand the feature (quad screen) . I thought I would be able to watch multiple football games at once,positive,No issue,product,"best, item, Bestbuy"
158,HP PAVALION  15.6,Laptop,376.0,Frys,90012.0,Los Angeles,CA,No,HP,No,sfqas86,35.0,Male,Manager,4.0,12/20/2014, best item from Bestbuy,neutral,No issue,touch screen,"touch screen, first"
159,HP PAVALION  15.6,Laptop,298.0,hhgregg,60585.0,Naperville,IL,Yes,HP,Yes,qijrd91,25.0,Male,Programmer,4.0,12/10/2014, This is my first touch screen,negative,Battery Life,battery,"battery, less, 2 hours"
160,HP PAVALION  15.6,Laptop,319.0,hhgregg,90033.0,Los Angeles,CA,No,HP,No,diejc61,56.0,Male,Programmer,1.0,11/29/2014,battery lasts for less than 2 hours.,positive,No issue,tablet,"great tablet, vivid, speed, fast, light weight, thin, purse, plane"
161,Samsung Tab 4,Tablet,299.0,hhgregg,44114.0,Cleveland,OH,Yes,Samsung,No,znouy82,19.0,Male,Unknown,5.0,12/20/2014,This is a great tablet. The colors are very vivid. The speed is very fast. It is very light weight for its size. It is also thin enough I carried it in my purse when on a plane.,neutral,Price,price match,"$699, price match"
162,LG 65,TV,999.0,Frys,33129.0,Miami,FL,No,LG,No,dwlfn92,38.0,Female,Programmer,4.0,5/12/2014, For $699 (after price match),neutral,No issue,purchase,"purchased, 3, larger processor"
163,Surface 3,Tablet,925.0,Frys,33129.0,Miami,FL,No,Microsoft,No,sxyax25,32.0,Male,Student,3.0,11/21/2013,I purchased the 3 with larger processer. ,positive,No issue,picture,Clear picture
164,Samsung TV 60 LED,TV,1100.0,Frys,60616.0,Chicago,IL,Yes,Samsung,No,haqqj2,27.0,Female,Secretary,5.0,7/19/2014, Clear picture,positive,No issue,picture quality,"picture quality, amazing"
165,LG 65,TV,2250.0,Frys,60603.0,Chicago,IL,No,LG,No,cktpt67,28.0,Male,Accountant,5.0,5/25/2014,The picture quality is amazing.,positive,No issue,phone,"love, phone, easy to use, big, sound, great, hearing problems, plus"
166,Galaxy S4,Smart Phone,390.0,Frys,90012.0,Los Angeles,CA,Yes,Samsung,No,vfzlu42,22.0,Female,Student,4.0,9/19/2013,love the phone. It is easy to use and big enough to see when using it. The sound is great and with hearing problems that's a big plus.,negative,Storage space,IOS,"Apple, Ios, 5gb, 16gb, 32gb"
167,iPad Air,Tablet,299.0,Target,90012.0,Los Angeles,CA,Yes,Apple,Yes,woonl29,54.0,Male,Secretary,3.0,5/12/2014,Apple doesn't tell you that the Ios takes up almost 5 gb. So if you actually need 16gb you need to get the 32 gb unit.,positive,No issue,tablet,"Love, tablet"
168,Samsung Tab 4,Tablet,299.0,hhgregg,2110.0,Boston,MA,Yes,Samsung,No,lnyvq5,41.0,Female,Manager,4.0,12/20/2014, Love my tablet,positive,No issue,phone,"awesome, galaxy note, love"
169,Galaxy S4,Smart Phone,390.0,hhgregg,30303.0,Atlanta,GA,Yes,Samsung,No,mzucn76,51.0,Male,Accountant,5.0,8/18/2014,This is an awesome phone. I went from the galaxy note to this and I love it.,negative,Color issue,color,"yello, collor, green"
170,LG 65,TV,2250.0,hhgregg,90033.0,Los Angeles,CA,No,LG,No,mvedk89,46.0,Female,Student,2.0,5/25/2014,yello collor is green.,positive,No issue,device,"blown away, device"
171,Samsung TV 65 Curved,TV,2099.0,hhgregg,60603.0,Chicago,IL,Yes,Samsung,No,jvdge82,26.0,Female,Manager,5.0,11/10/2014,The clarity is indescribable,positive,No issue,clarity,"clarity, indescribable"
172,Galaxy S4,Smart Phone,402.0,Walmart,60585.0,Naperville,IL,No,Samsung,No,okuwq59,27.0,Male,Unknown,4.0,7/9/2014,I am realy blown away by this device. ,positive,No issue,product,"love it, second one, gift, aunt"
173,Samsung Tab 4,Tablet,299.0,Target,94158.0,San Francisco,CA,Yes,Samsung,No,ojrbe17,39.0,Female,Student,5.0,2/15/2015,I bought this one for me and i love it! That's why this is the second one I bought as a gift for my aunt.,positive,No issue,shipping,fast
174,Samsung Tab 4,Tablet,349.0,hhgregg,90033.0,Los Angeles,CA,No,Samsung,No,kemja77,40.0,Female,Secretary,5.0,7/16/2014, fast,positive,No issue,product,"Great product, all ages, recommend, young, older"
175,iPhone 6,Smart Phone,589.0,hhgregg,33130.0,Miami,FL,No,Apple,No,vdbrx65,32.0,Male,Secretary,5.0,9/24/2014,Great product for all ages I would recommend for young to older,positive,No issue,speed,"love, speed, ""6"""
176,iPhone 6,Smart Phone,589.0,Bestbuy,60616.0,Chicago,IL,No,Apple,No,gbjmp88,51.0,Male,Unknown,4.0,4/1/2015, I love the speed of the '6,neutral,No issue,product,"Apple, tablet"
177,iPad Air,Tablet,299.0,Frys,94102.0,San Francisco,CA,Yes,Apple,Yes,nxxvi88,21.0,Female,Secretary,4.0,7/19/2014, It's an Apple tablet,positive,No issue,performance,"Intel core i3, fast, startup, quick, relativity with ease"
178,Galaxy S4,Smart Phone,269.0,Bestbuy,30134.0,Atlanta,GA,Yes,Samsung,Yes,linar57,21.0,Male,Unknown,5.0,7/1/2014,This Sansung replaced an iphone 4 that was pretty good.,neutral,No issue,phone,"Sansung, iphone 4"
179,HP PAVALION  15.6,Laptop,299.0,Walmart,33129.0,Miami,FL,Yes,HP,No,sjjoa88,57.0,Male,Student,5.0,11/29/2014,I was able to move from one program to another relativity with ease. The Intel core i3 is fast in moving from one program to another. Startup is quick.,positive,No issue,iphone,"iphone, storage, speed, pros"
180,iPhone 6,Smart Phone,399.0,hhgregg,2110.0,Boston,MA,No,Apple,No,shrqt58,52.0,Male,Student,4.0,12/14/2014,All the pros of an iphone - great storage and speed.,negative,Overheating,device,"over heats, usage"
181,HP PAVALION  15.6,Laptop,319.0,Walmart,90012.0,Los Angeles,CA,No,HP,No,lehdh18,41.0,Female,Student,1.0,8/18/2014,over heats after 2 hours of usage,positive,No issue,iPad,"iPad, pleased, open box, brand new"
182,iPad Air,Tablet,425.0,Target,94102.0,San Francisco,CA,Yes,Apple,No,ihodw63,31.0,Female,Secretary,5.0,11/29/2014,My very first iPad and I am very pleased. I purchased an open box product and I wouldn't have been to tell the difference if I brought it brand new,positive,No issue,TV,"pretty good, price"
183,LG 65,TV,849.0,Bestbuy,90033.0,Los Angeles,CA,Yes,LG,Yes,dcxmd24,48.0,Male,Manager,4.0,7/23/2014,Overall a pretty good tv especially for the price. ,positive,No issue,Intelligent sensor,"Intelligent sensor, adjusts, screen, light, room"
184,LG 65,TV,849.0,Bestbuy,33129.0,Miami,FL,Yes,LG,Yes,hryld37,21.0,Male,Secretary,4.0,4/29/2014,The Intelligent sensor adjusts the screen to the light in the room.,negative,Remote control is hard to use,tv,"tv, hard to operate, remote control, terrible, hard to use"
185,Samsung TV 60 LED,TV,1100.0,Target,60603.0,Chicago,IL,Yes,Samsung,No,jvuun2,27.0,Male,Unknown,1.0,12/5/2014,This tv is very hard to operate - the remote control is terrible and hard to use,positive,No issue,phone,"iphone, easy to use, easier"
186,Galaxy S4,Smart Phone,402.0,Target,33130.0,Miami,FL,No,Samsung,No,wxttl78,51.0,Female,Programmer,4.0,10/14/2014,was a iphone user but now will not go back it is easy to use easier than iphone,neutral,Sound quality,TV,"TV, picture, sound, better"
187,LG 65,TV,999.0,hhgregg,2110.0,Boston,MA,No,LG,No,cnjho10,51.0,Male,Unknown,4.0,3/13/2014,This TV has a very good picture but the sound could be better.,negative,Video playback issue,USB playback,"play, video files, usb"
188,LG 65,TV,999.0,Walmart,2110.0,Boston,MA,No,LG,No,iqtpr88,53.0,Male,Programmer,3.0,12/5/2014,It will Not play video files off the usb,neutral,No issue,product,expected
189,iPad Air,Tablet,499.0,Bestbuy,33130.0,Miami,FL,No,Apple,No,lxlee38,18.0,Male,Manager,4.0,10/28/2014, Is as expected ,positive,No issue,purchase,"happy, purchase"
190,Surface 3,Tablet,925.0,hhgregg,60603.0,Chicago,IL,No,Microsoft,No,zpbpg32,57.0,Male,Programmer,5.0,8/21/2014,I couldn't be happier with this purchase.,positive,No issue,tablet,"Solid, entry level, tablet, browse the web, email, videos, music"
191,Samsung Tab 4,Tablet,299.0,Bestbuy,2108.0,Boston,MA,Yes,Samsung,No,wfbwi56,42.0,Male,Student,3.0,8/22/2014, Solid entry level tablet. Can browse the web and be used for email. Plays videos and music,positive,No issue,TV,"easy to use, touch screen, good size screen, great pictures, clear, sharp"
192,HP PAVALION  15.6,Laptop,299.0,Frys,44114.0,Cleveland,OH,Yes,HP,No,usmpm8,18.0,Male,Student,5.0,7/23/2014,easy to use with touch screen good size screen with great pictures that are really clear and sharp,positive,No issue,gift for seniors,"nice gadget, gift, seniors, intuitive, learn"
193,iPad Air,Tablet,499.0,hhgregg,90012.0,Los Angeles,CA,No,Apple,No,tkoih20,54.0,Female,Unknown,5.0,4/1/2015,This is a nice gadget as a gift for seniors. Very intuitive to learn.,positive,No issue,post stroke use games and speech apps,"great tool, post stroke use, games, speech apps"
194,iPad Air,Tablet,499.0,Bestbuy,2108.0,Boston,MA,No,Apple,No,xsqhh73,59.0,Female,Manager,5.0,6/18/2014,It has been a great tool for post stroke use games and speech apps.,positive,No issue,Reception and battery life,"reception, 5 series, battery life, better"
195,iPhone 6,Smart Phone,299.0,hhgregg,2110.0,Boston,MA,Yes,Apple,No,kbmnn41,53.0,Male,Programmer,5.0,4/19/2014,Seems to have better reception than the 5 series and longer battery life,positive,No issue,price,"cheap, price, TV"
196,LG 65,TV,849.0,Frys,90012.0,Los Angeles,CA,Yes,LG,Yes,mfhsp66,34.0,Male,Unknown,2.0,11/25/2014,Cheap price for the TV.,positive,No issue,phone,"great, phone"
197,Galaxy S4,Smart Phone,399.0,Frys,60616.0,Chicago,IL,No,Samsung,No,qccvt62,57.0,Male,Accountant,5.0,8/10/2014, great phone,positive,No issue,switching from iphone to samsung,"Switched, iphone, happy, decision"
198,Dell Ispiron 15.6,Laptop,449.0,hhgregg,60585.0,Naperville,IL,Yes,Dell,No,bhztg44,48.0,Female,Unknown,5.0,11/25/2014, I purchased this laptop about a month ago and I have been very happy with it. It has a really nice,positive,No issue,laptop,"laptop, purchased, happy, nice"
199,Galaxy S4,Smart Phone,399.0,Walmart,60603.0,Chicago,IL,No,Samsung,No,fojcl56,21.0,Male,Student,4.0,5/19/2014,Switched from iphone and am very happy with the decision.,,,,nothing
